date,ratio_pct,source
1995-12-31,78,seed-approx
1996-12-31,95,seed-approx
1997-12-31,120,seed-approx
1998-12-31,140,seed-approx
1999-12-31,155,seed-approx
2000-12-31,153,seed-approx
2001-12-31,120,seed-approx
2002-12-31,90,seed-approx
2003-12-31,110,seed-approx
2004-12-31,125,seed-approx
2005-12-31,130,seed-approx
2006-12-31,140,seed-approx
2007-12-31,138,seed-approx
2008-12-31,80,seed-approx
2009-12-31,100,seed-approx
2010-12-31,110,seed-approx
2011-12-31,105,seed-approx
2012-12-31,115,seed-approx
2013-12-31,130,seed-approx
2014-12-31,140,seed-approx
2015-12-31,140,seed-approx
2016-12-31,145,seed-approx
2017-12-31,155,seed-approx
2018-12-31,148,seed-approx
2019-12-31,165,seed-approx
2020-12-31,195,seed-approx
2021-12-31,210,seed-approx
2022-12-31,155,seed-approx
2023-12-31,170,seed-approx
2024-12-31,185,seed-approx
