"month","ticker","market_cap","f_score","n_alert","weight","scanned","hit_scan_cap","built_at"
"2026-10","2330.TW",64312278253568,9,1,0.1,266,FALSE,"2026-10-04T09:41:52Z"
"2026-10","1303.TW",1899431854080,9,1,0.1,266,FALSE,"2026-10-04T09:41:52Z"
"2026-10","5274.TWO",824174116864,8,0,0.1,266,FALSE,"2026-10-04T09:41:52Z"
"2026-10","2344.TW",783000076288,9,1,0.1,266,FALSE,"2026-10-04T09:41:52Z"
"2026-10","6510.TWO",114757566464,9,1,0.1,266,FALSE,"2026-10-04T09:41:52Z"
"2026-10","3005.TW",74323828736,8,0,0.1,266,FALSE,"2026-10-04T09:41:52Z"
"2026-10","2481.TW",64195305472,9,1,0.1,266,FALSE,"2026-10-04T09:41:52Z"
"2026-10","2006.TW",62433280000,9,1,0.1,266,FALSE,"2026-10-04T09:41:52Z"
"2026-10","4966.TWO",43590959104,8,0,0.1,266,FALSE,"2026-10-04T09:41:52Z"
"2026-10","7822.TW",38726647808,9,1,0.1,266,FALSE,"2026-10-04T09:41:52Z"
