"ticker","name","gics_sector","gics_sub_industry","fetched_at","source"
"MMM","3M","Industrials","Industrial Conglomerates","2026-08-15T18:16:03Z","wikipedia"
"AOS","A. O. Smith","Industrials","Building Products","2026-08-15T18:16:03Z","wikipedia"
"ABT","Abbott Laboratories","Health Care","Health Care Equipment","2026-08-15T18:16:03Z","wikipedia"
"ABBV","AbbVie","Health Care","Biotechnology","2026-08-15T18:16:03Z","wikipedia"
"ACN","Accenture","Information Technology","IT Consulting & Other Services","2026-08-15T18:16:03Z","wikipedia"
"ADBE","Adobe Inc.","Information Technology","Application Software","2026-08-15T18:16:03Z","wikipedia"
"AMD","Advanced Micro Devices","Information Technology","Semiconductors","2026-08-15T18:16:03Z","wikipedia"
"AES","AES Corporation","Utilities","Independent Power Producers & Energy Traders","2026-08-15T18:16:03Z","wikipedia"
"AFL","Aflac","Financials","Life & Health Insurance","2026-08-15T18:16:03Z","wikipedia"
"A","Agilent Technologies","Health Care","Life Sciences Tools & Services","2026-08-15T18:16:03Z","wikipedia"
"APD","Air Products","Materials","Industrial Gases","2026-08-15T18:16:03Z","wikipedia"
"ABNB","Airbnb","Consumer Discretionary","Hotels, Resorts & Cruise Lines","2026-08-15T18:16:03Z","wikipedia"
"AKAM","Akamai Technologies","Information Technology","Internet Services & Infrastructure","2026-08-15T18:16:03Z","wikipedia"
"ALB","Albemarle Corporation","Materials","Specialty Chemicals","2026-08-15T18:16:03Z","wikipedia"
"ARE","Alexandria Real Estate Equities","Real Estate","Office REITs","2026-08-15T18:16:03Z","wikipedia"
"ALGN","Align Technology","Health Care","Health Care Supplies","2026-08-15T18:16:03Z","wikipedia"
"ALLE","Allegion","Industrials","Building Products","2026-08-15T18:16:03Z","wikipedia"
"LNT","Alliant Energy","Utilities","Electric Utilities","2026-08-15T18:16:03Z","wikipedia"
"ALL","Allstate","Financials","Property & Casualty Insurance","2026-08-15T18:16:03Z","wikipedia"
"GOOGL","Alphabet Inc. (Class A)","Communication Services","Interactive Media & Services","2026-08-15T18:16:03Z","wikipedia"
"GOOG","Alphabet Inc. (Class C)","Communication Services","Interactive Media & Services","2026-08-15T18:16:03Z","wikipedia"
"MO","Altria","Consumer Staples","Tobacco","2026-08-15T18:16:03Z","wikipedia"
"AMZN","Amazon","Consumer Discretionary","Broadline Retail","2026-08-15T18:16:03Z","wikipedia"
"AMCR","Amcor","Materials","Paper & Plastic Packaging Products & Materials","2026-08-15T18:16:03Z","wikipedia"
"AEE","Ameren","Utilities","Multi-Utilities","2026-08-15T18:16:03Z","wikipedia"
"AEP","American Electric Power","Utilities","Electric Utilities","2026-08-15T18:16:03Z","wikipedia"
"AXP","American Express","Financials","Consumer Finance","2026-08-15T18:16:03Z","wikipedia"
"AIG","American International Group","Financials","Multi-line Insurance","2026-08-15T18:16:03Z","wikipedia"
"AMT","American Tower","Real Estate","Telecom Tower REITs","2026-08-15T18:16:03Z","wikipedia"
"AWK","American Water Works","Utilities","Water Utilities","2026-08-15T18:16:03Z","wikipedia"
"AMP","Ameriprise Financial","Financials","Asset Management & Custody Banks","2026-08-15T18:16:03Z","wikipedia"
"AME","Ametek","Industrials","Electrical Components & Equipment","2026-08-15T18:16:03Z","wikipedia"
"AMGN","Amgen","Health Care","Biotechnology","2026-08-15T18:16:03Z","wikipedia"
"APH","Amphenol","Information Technology","Electronic Components","2026-08-15T18:16:03Z","wikipedia"
"ADI","Analog Devices","Information Technology","Semiconductors","2026-08-15T18:16:03Z","wikipedia"
"AON","Aon plc","Financials","Insurance Brokers","2026-08-15T18:16:03Z","wikipedia"
"APA","APA Corporation","Energy","Oil & Gas Exploration & Production","2026-08-15T18:16:03Z","wikipedia"
"APO","Apollo Global Management","Financials","Asset Management & Custody Banks","2026-08-15T18:16:03Z","wikipedia"
"AAPL","Apple Inc.","Information Technology","Technology Hardware, Storage & Peripherals","2026-08-15T18:16:03Z","wikipedia"
"AMAT","Applied Materials","Information Technology","Semiconductor Materials & Equipment","2026-08-15T18:16:03Z","wikipedia"
"APP","AppLovin","Communication Services","Advertising","2026-08-15T18:16:03Z","wikipedia"
"APTV","Aptiv","Consumer Discretionary","Automotive Parts & Equipment","2026-08-15T18:16:03Z","wikipedia"
"ACGL","Arch Capital Group","Financials","Property & Casualty Insurance","2026-08-15T18:16:03Z","wikipedia"
"ADM","Archer Daniels Midland","Consumer Staples","Agricultural Products & Services","2026-08-15T18:16:03Z","wikipedia"
"ARES","Ares Management","Financials","Asset Management & Custody Banks","2026-08-15T18:16:03Z","wikipedia"
"ANET","Arista Networks","Information Technology","Communications Equipment","2026-08-15T18:16:03Z","wikipedia"
"AJG","Arthur J. Gallagher & Co.","Financials","Insurance Brokers","2026-08-15T18:16:03Z","wikipedia"
"AIZ","Assurant","Financials","Multi-line Insurance","2026-08-15T18:16:03Z","wikipedia"
"T","AT&T","Communication Services","Integrated Telecommunication Services","2026-08-15T18:16:03Z","wikipedia"
"ATO","Atmos Energy","Utilities","Gas Utilities","2026-08-15T18:16:03Z","wikipedia"
"ADSK","Autodesk","Information Technology","Application Software","2026-08-15T18:16:03Z","wikipedia"
"ADP","Automatic Data Processing","Industrials","Human Resource & Employment Services","2026-08-15T18:16:03Z","wikipedia"
"AZO","AutoZone","Consumer Discretionary","Automotive Retail","2026-08-15T18:16:03Z","wikipedia"
"AVB","AvalonBay Communities","Real Estate","Multi-Family Residential REITs","2026-08-15T18:16:03Z","wikipedia"
"AVY","Avery Dennison","Materials","Paper & Plastic Packaging Products & Materials","2026-08-15T18:16:03Z","wikipedia"
"AXON","Axon Enterprise","Industrials","Aerospace & Defense","2026-08-15T18:16:03Z","wikipedia"
"BKR","Baker Hughes","Energy","Oil & Gas Equipment & Services","2026-08-15T18:16:03Z","wikipedia"
"BALL","Ball Corporation","Materials","Metal, Glass & Plastic Containers","2026-08-15T18:16:03Z","wikipedia"
"BAC","Bank of America","Financials","Diversified Banks","2026-08-15T18:16:03Z","wikipedia"
"BAX","Baxter International","Health Care","Health Care Equipment","2026-08-15T18:16:03Z","wikipedia"
"BDX","Becton Dickinson","Health Care","Health Care Equipment","2026-08-15T18:16:03Z","wikipedia"
"BRK-B","Berkshire Hathaway","Financials","Multi-Sector Holdings","2026-08-15T18:16:03Z","wikipedia"
"BBY","Best Buy","Consumer Discretionary","Computer & Electronics Retail","2026-08-15T18:16:03Z","wikipedia"
"TECH","Bio-Techne","Health Care","Life Sciences Tools & Services","2026-08-15T18:16:03Z","wikipedia"
"BIIB","Biogen","Health Care","Biotechnology","2026-08-15T18:16:03Z","wikipedia"
"BLK","BlackRock","Financials","Asset Management & Custody Banks","2026-08-15T18:16:03Z","wikipedia"
"BX","Blackstone Inc.","Financials","Asset Management & Custody Banks","2026-08-15T18:16:03Z","wikipedia"
"XYZ","Block, Inc.","Financials","Transaction & Payment Processing Services","2026-08-15T18:16:03Z","wikipedia"
"BNY","BNY Mellon","Financials","Asset Management & Custody Banks","2026-08-15T18:16:03Z","wikipedia"
"BA","Boeing","Industrials","Aerospace & Defense","2026-08-15T18:16:03Z","wikipedia"
"BKNG","Booking Holdings","Consumer Discretionary","Hotels, Resorts & Cruise Lines","2026-08-15T18:16:03Z","wikipedia"
"BSX","Boston Scientific","Health Care","Health Care Equipment","2026-08-15T18:16:03Z","wikipedia"
"BMY","Bristol Myers Squibb","Health Care","Pharmaceuticals","2026-08-15T18:16:03Z","wikipedia"
"AVGO","Broadcom","Information Technology","Semiconductors","2026-08-15T18:16:03Z","wikipedia"
"BR","Broadridge Financial Solutions","Industrials","Data Processing & Outsourced Services","2026-08-15T18:16:03Z","wikipedia"
"BRO","Brown & Brown","Financials","Insurance Brokers","2026-08-15T18:16:03Z","wikipedia"
"BF-B","Brown–Forman","Consumer Staples","Distillers & Vintners","2026-08-15T18:16:03Z","wikipedia"
"BLDR","Builders FirstSource","Industrials","Building Products","2026-08-15T18:16:03Z","wikipedia"
"BG","Bunge Global","Consumer Staples","Agricultural Products & Services","2026-08-15T18:16:03Z","wikipedia"
"BXP","BXP, Inc.","Real Estate","Office REITs","2026-08-15T18:16:03Z","wikipedia"
"CHRW","C.H. Robinson","Industrials","Air Freight & Logistics","2026-08-15T18:16:03Z","wikipedia"
"CDNS","Cadence Design Systems","Information Technology","Application Software","2026-08-15T18:16:03Z","wikipedia"
"CPT","Camden Property Trust","Real Estate","Multi-Family Residential REITs","2026-08-15T18:16:03Z","wikipedia"
"COF","Capital One","Financials","Consumer Finance","2026-08-15T18:16:03Z","wikipedia"
"CAH","Cardinal Health","Health Care","Health Care Distributors","2026-08-15T18:16:03Z","wikipedia"
"CCL","Carnival Corporation","Consumer Discretionary","Hotels, Resorts & Cruise Lines","2026-08-15T18:16:03Z","wikipedia"
"CARR","Carrier Global","Industrials","Building Products","2026-08-15T18:16:03Z","wikipedia"
"CVNA","Carvana","Consumer Discretionary","Automotive Retail","2026-08-15T18:16:03Z","wikipedia"
"CASY","Casey's","Consumer Staples","Food Retail","2026-08-15T18:16:03Z","wikipedia"
"CAT","Caterpillar Inc.","Industrials","Construction Machinery & Heavy Transportation Equipment","2026-08-15T18:16:03Z","wikipedia"
"CBOE","Cboe Global Markets","Financials","Financial Exchanges & Data","2026-08-15T18:16:03Z","wikipedia"
"CBRE","CBRE Group","Real Estate","Real Estate Services","2026-08-15T18:16:03Z","wikipedia"
"CDW","CDW Corporation","Information Technology","Technology Distributors","2026-08-15T18:16:03Z","wikipedia"
"COR","Cencora","Health Care","Health Care Distributors","2026-08-15T18:16:03Z","wikipedia"
"CNC","Centene Corporation","Health Care","Managed Health Care","2026-08-15T18:16:03Z","wikipedia"
"CNP","CenterPoint Energy","Utilities","Multi-Utilities","2026-08-15T18:16:03Z","wikipedia"
"CF","CF Industries","Materials","Fertilizers & Agricultural Chemicals","2026-08-15T18:16:03Z","wikipedia"
"CRL","Charles River Laboratories","Health Care","Life Sciences Tools & Services","2026-08-15T18:16:03Z","wikipedia"
"SCHW","Charles Schwab Corporation","Financials","Investment Banking & Brokerage","2026-08-15T18:16:03Z","wikipedia"
"CHTR","Charter Communications","Communication Services","Cable & Satellite","2026-08-15T18:16:03Z","wikipedia"
"CVX","Chevron Corporation","Energy","Integrated Oil & Gas","2026-08-15T18:16:03Z","wikipedia"
"CMG","Chipotle Mexican Grill","Consumer Discretionary","Restaurants","2026-08-15T18:16:03Z","wikipedia"
"CB","Chubb Limited","Financials","Property & Casualty Insurance","2026-08-15T18:16:03Z","wikipedia"
"CHD","Church & Dwight","Consumer Staples","Household Products","2026-08-15T18:16:03Z","wikipedia"
"CIEN","Ciena","Information Technology","Communications Equipment","2026-08-15T18:16:03Z","wikipedia"
"CI","Cigna","Health Care","Health Care Services","2026-08-15T18:16:03Z","wikipedia"
"CINF","Cincinnati Financial","Financials","Property & Casualty Insurance","2026-08-15T18:16:03Z","wikipedia"
"CTAS","Cintas","Industrials","Diversified Support Services","2026-08-15T18:16:03Z","wikipedia"
"CSCO","Cisco","Information Technology","Communications Equipment","2026-08-15T18:16:03Z","wikipedia"
"C","Citigroup","Financials","Diversified Banks","2026-08-15T18:16:03Z","wikipedia"
"CFG","Citizens Financial Group","Financials","Regional Banks","2026-08-15T18:16:03Z","wikipedia"
"CLX","Clorox","Consumer Staples","Household Products","2026-08-15T18:16:03Z","wikipedia"
"CME","CME Group","Financials","Financial Exchanges & Data","2026-08-15T18:16:03Z","wikipedia"
"CMS","CMS Energy","Utilities","Multi-Utilities","2026-08-15T18:16:03Z","wikipedia"
"KO","Coca-Cola Company (The)","Consumer Staples","Soft Drinks & Non-alcoholic Beverages","2026-08-15T18:16:03Z","wikipedia"
"CTSH","Cognizant","Information Technology","IT Consulting & Other Services","2026-08-15T18:16:03Z","wikipedia"
"COHR","Coherent Corp.","Information Technology","Electronic Components","2026-08-15T18:16:03Z","wikipedia"
"COIN","Coinbase","Financials","Financial Exchanges & Data","2026-08-15T18:16:03Z","wikipedia"
"CL","Colgate-Palmolive","Consumer Staples","Household Products","2026-08-15T18:16:03Z","wikipedia"
"CMCSA","Comcast","Communication Services","Cable & Satellite","2026-08-15T18:16:03Z","wikipedia"
"FIX","Comfort Systems USA","Industrials","Construction & Engineering","2026-08-15T18:16:03Z","wikipedia"
"COP","ConocoPhillips","Energy","Oil & Gas Exploration & Production","2026-08-15T18:16:03Z","wikipedia"
"ED","Consolidated Edison","Utilities","Multi-Utilities","2026-08-15T18:16:03Z","wikipedia"
"STZ","Constellation Brands","Consumer Staples","Distillers & Vintners","2026-08-15T18:16:03Z","wikipedia"
"CEG","Constellation Energy","Utilities","Electric Utilities","2026-08-15T18:16:03Z","wikipedia"
"COO","Cooper Companies (The)","Health Care","Health Care Supplies","2026-08-15T18:16:03Z","wikipedia"
"CPRT","Copart","Industrials","Diversified Support Services","2026-08-15T18:16:03Z","wikipedia"
"GLW","Corning Inc.","Information Technology","Electronic Components","2026-08-15T18:16:03Z","wikipedia"
"CPAY","Corpay","Financials","Transaction & Payment Processing Services","2026-08-15T18:16:03Z","wikipedia"
"CTVA","Corteva","Materials","Fertilizers & Agricultural Chemicals","2026-08-15T18:16:03Z","wikipedia"
"CSGP","CoStar Group","Real Estate","Real Estate Services","2026-08-15T18:16:03Z","wikipedia"
"COST","Costco","Consumer Staples","Consumer Staples Merchandise Retail","2026-08-15T18:16:03Z","wikipedia"
"CRH","CRH plc","Materials","Construction Materials","2026-08-15T18:16:03Z","wikipedia"
"CRWD","CrowdStrike","Information Technology","Systems Software","2026-08-15T18:16:03Z","wikipedia"
"CCI","Crown Castle","Real Estate","Telecom Tower REITs","2026-08-15T18:16:03Z","wikipedia"
"CSX","CSX Corporation","Industrials","Rail Transportation","2026-08-15T18:16:03Z","wikipedia"
"CMI","Cummins","Industrials","Construction Machinery & Heavy Transportation Equipment","2026-08-15T18:16:03Z","wikipedia"
"CVS","CVS Health","Health Care","Health Care Services","2026-08-15T18:16:03Z","wikipedia"
"DHR","Danaher Corporation","Health Care","Life Sciences Tools & Services","2026-08-15T18:16:03Z","wikipedia"
"DRI","Darden Restaurants","Consumer Discretionary","Restaurants","2026-08-15T18:16:03Z","wikipedia"
"DDOG","Datadog","Information Technology","Application Software","2026-08-15T18:16:03Z","wikipedia"
"DVA","DaVita","Health Care","Health Care Services","2026-08-15T18:16:03Z","wikipedia"
"DECK","Deckers Brands","Consumer Discretionary","Footwear","2026-08-15T18:16:03Z","wikipedia"
"DE","Deere & Company","Industrials","Agricultural & Farm Machinery","2026-08-15T18:16:03Z","wikipedia"
"DELL","Dell Technologies","Information Technology","Technology Hardware, Storage & Peripherals","2026-08-15T18:16:03Z","wikipedia"
"DAL","Delta Air Lines","Industrials","Passenger Airlines","2026-08-15T18:16:03Z","wikipedia"
"DVN","Devon Energy","Energy","Oil & Gas Exploration & Production","2026-08-15T18:16:03Z","wikipedia"
"DXCM","Dexcom","Health Care","Health Care Equipment","2026-08-15T18:16:03Z","wikipedia"
"FANG","Diamondback Energy","Energy","Oil & Gas Exploration & Production","2026-08-15T18:16:03Z","wikipedia"
"DLR","Digital Realty","Real Estate","Data Center REITs","2026-08-15T18:16:03Z","wikipedia"
"DG","Dollar General","Consumer Staples","Consumer Staples Merchandise Retail","2026-08-15T18:16:03Z","wikipedia"
"DLTR","Dollar Tree","Consumer Staples","Consumer Staples Merchandise Retail","2026-08-15T18:16:03Z","wikipedia"
"D","Dominion Energy","Utilities","Multi-Utilities","2026-08-15T18:16:03Z","wikipedia"
"DPZ","Domino's","Consumer Discretionary","Restaurants","2026-08-15T18:16:03Z","wikipedia"
"DASH","DoorDash","Consumer Discretionary","Specialized Consumer Services","2026-08-15T18:16:03Z","wikipedia"
"DOV","Dover Corporation","Industrials","Industrial Machinery & Supplies & Components","2026-08-15T18:16:03Z","wikipedia"
"DOW","Dow Inc.","Materials","Commodity Chemicals","2026-08-15T18:16:03Z","wikipedia"
"DHI","D. R. Horton","Consumer Discretionary","Homebuilding","2026-08-15T18:16:03Z","wikipedia"
"DTE","DTE Energy","Utilities","Multi-Utilities","2026-08-15T18:16:03Z","wikipedia"
"DUK","Duke Energy","Utilities","Electric Utilities","2026-08-15T18:16:03Z","wikipedia"
"DD","DuPont","Industrials","Industrial Conglomerates","2026-08-15T18:16:03Z","wikipedia"
"ETN","Eaton Corporation","Industrials","Electrical Components & Equipment","2026-08-15T18:16:03Z","wikipedia"
"EBAY","eBay Inc.","Consumer Discretionary","Broadline Retail","2026-08-15T18:16:03Z","wikipedia"
"ECHO","EchoStar","Communication Services","Wireless Telecommunication Services","2026-08-15T18:16:03Z","wikipedia"
"ECL","Ecolab","Materials","Specialty Chemicals","2026-08-15T18:16:03Z","wikipedia"
"EIX","Edison International","Utilities","Electric Utilities","2026-08-15T18:16:03Z","wikipedia"
"EW","Edwards Lifesciences","Health Care","Health Care Equipment","2026-08-15T18:16:03Z","wikipedia"
"ELV","Elevance Health","Health Care","Managed Health Care","2026-08-15T18:16:03Z","wikipedia"
"EME","Emcor","Industrials","Construction & Engineering","2026-08-15T18:16:03Z","wikipedia"
"EMR","Emerson Electric","Industrials","Electrical Components & Equipment","2026-08-15T18:16:03Z","wikipedia"
"ETR","Entergy","Utilities","Electric Utilities","2026-08-15T18:16:03Z","wikipedia"
"EOG","EOG Resources","Energy","Oil & Gas Exploration & Production","2026-08-15T18:16:03Z","wikipedia"
"EQT","EQT Corporation","Energy","Oil & Gas Exploration & Production","2026-08-15T18:16:03Z","wikipedia"
"EFX","Equifax","Industrials","Research & Consulting Services","2026-08-15T18:16:03Z","wikipedia"
"EQIX","Equinix","Real Estate","Data Center REITs","2026-08-15T18:16:03Z","wikipedia"
"EQR","Equity Residential","Real Estate","Multi-Family Residential REITs","2026-08-15T18:16:03Z","wikipedia"
"ERIE","Erie Indemnity","Financials","Insurance Brokers","2026-08-15T18:16:03Z","wikipedia"
"ESS","Essex Property Trust","Real Estate","Multi-Family Residential REITs","2026-08-15T18:16:03Z","wikipedia"
"EL","Estée Lauder Companies (The)","Consumer Staples","Personal Care Products","2026-08-15T18:16:03Z","wikipedia"
"EG","Everest Group","Financials","Reinsurance","2026-08-15T18:16:03Z","wikipedia"
"EVRG","Evergy","Utilities","Electric Utilities","2026-08-15T18:16:03Z","wikipedia"
"ES","Eversource Energy","Utilities","Electric Utilities","2026-08-15T18:16:03Z","wikipedia"
"EXC","Exelon","Utilities","Electric Utilities","2026-08-15T18:16:03Z","wikipedia"
"EXE","Expand Energy","Energy","Oil & Gas Exploration & Production","2026-08-15T18:16:03Z","wikipedia"
"EXPE","Expedia Group","Consumer Discretionary","Hotels, Resorts & Cruise Lines","2026-08-15T18:16:03Z","wikipedia"
"EXPD","Expeditors International","Industrials","Air Freight & Logistics","2026-08-15T18:16:03Z","wikipedia"
"EXR","Extra Space Storage","Real Estate","Self-Storage REITs","2026-08-15T18:16:03Z","wikipedia"
"XOM","ExxonMobil","Energy","Integrated Oil & Gas","2026-08-15T18:16:03Z","wikipedia"
"FFIV","F5, Inc.","Information Technology","Communications Equipment","2026-08-15T18:16:03Z","wikipedia"
"FDS","FactSet","Financials","Financial Exchanges & Data","2026-08-15T18:16:03Z","wikipedia"
"FICO","Fair Isaac","Information Technology","Application Software","2026-08-15T18:16:03Z","wikipedia"
"FAST","Fastenal","Industrials","Trading Companies & Distributors","2026-08-15T18:16:03Z","wikipedia"
"FRT","Federal Realty Investment Trust","Real Estate","Retail REITs","2026-08-15T18:16:03Z","wikipedia"
"FDX","FedEx","Industrials","Air Freight & Logistics","2026-08-15T18:16:03Z","wikipedia"
"FDXF","FedEx Freight","Industrials","Cargo Ground Transportation","2026-08-15T18:16:03Z","wikipedia"
"FERG","Ferguson Enterprises","Industrials","Building Products","2026-08-15T18:16:03Z","wikipedia"
"FIS","Fidelity National Information Services","Financials","Transaction & Payment Processing Services","2026-08-15T18:16:03Z","wikipedia"
"FITB","Fifth Third Bancorp","Financials","Regional Banks","2026-08-15T18:16:03Z","wikipedia"
"FSLR","First Solar","Information Technology","Semiconductors","2026-08-15T18:16:03Z","wikipedia"
"FE","FirstEnergy","Utilities","Electric Utilities","2026-08-15T18:16:03Z","wikipedia"
"FISV","Fiserv","Financials","Transaction & Payment Processing Services","2026-08-15T18:16:03Z","wikipedia"
"FLEX","Flex Ltd.","Information Technology","Electronic Manufacturing Services","2026-08-15T18:16:03Z","wikipedia"
"F","Ford Motor Company","Consumer Discretionary","Automobile Manufacturers","2026-08-15T18:16:03Z","wikipedia"
"FTNT","Fortinet","Information Technology","Systems Software","2026-08-15T18:16:03Z","wikipedia"
"FTV","Fortive","Industrials","Industrial Machinery & Supplies & Components","2026-08-15T18:16:03Z","wikipedia"
"FOXA","Fox Corporation (Class A)","Communication Services","Broadcasting","2026-08-15T18:16:03Z","wikipedia"
"FOX","Fox Corporation (Class B)","Communication Services","Broadcasting","2026-08-15T18:16:03Z","wikipedia"
"BEN","Franklin Resources","Financials","Asset Management & Custody Banks","2026-08-15T18:16:03Z","wikipedia"
"FCX","Freeport-McMoRan","Materials","Copper","2026-08-15T18:16:03Z","wikipedia"
"GRMN","Garmin","Consumer Discretionary","Consumer Electronics","2026-08-15T18:16:03Z","wikipedia"
"IT","Gartner","Information Technology","IT Consulting & Other Services","2026-08-15T18:16:03Z","wikipedia"
"GE","GE Aerospace","Industrials","Aerospace & Defense","2026-08-15T18:16:03Z","wikipedia"
"GEHC","GE HealthCare","Health Care","Health Care Equipment","2026-08-15T18:16:03Z","wikipedia"
"GEV","GE Vernova","Industrials","Heavy Electrical Equipment","2026-08-15T18:16:03Z","wikipedia"
"GEN","Gen Digital","Information Technology","Systems Software","2026-08-15T18:16:03Z","wikipedia"
"GNRC","Generac","Industrials","Heavy Electrical Equipment","2026-08-15T18:16:03Z","wikipedia"
"GD","General Dynamics","Industrials","Aerospace & Defense","2026-08-15T18:16:03Z","wikipedia"
"GIS","General Mills","Consumer Staples","Packaged Foods & Meats","2026-08-15T18:16:03Z","wikipedia"
"GM","General Motors","Consumer Discretionary","Automobile Manufacturers","2026-08-15T18:16:03Z","wikipedia"
"GPC","Genuine Parts Company","Consumer Discretionary","Distributors","2026-08-15T18:16:03Z","wikipedia"
"GILD","Gilead Sciences","Health Care","Biotechnology","2026-08-15T18:16:03Z","wikipedia"
"GPN","Global Payments","Financials","Transaction & Payment Processing Services","2026-08-15T18:16:03Z","wikipedia"
"GL","Globe Life","Financials","Life & Health Insurance","2026-08-15T18:16:03Z","wikipedia"
"GDDY","GoDaddy","Information Technology","Internet Services & Infrastructure","2026-08-15T18:16:03Z","wikipedia"
"GS","Goldman Sachs","Financials","Investment Banking & Brokerage","2026-08-15T18:16:03Z","wikipedia"
"HAL","Halliburton","Energy","Oil & Gas Equipment & Services","2026-08-15T18:16:03Z","wikipedia"
"HIG","Hartford (The)","Financials","Property & Casualty Insurance","2026-08-15T18:16:03Z","wikipedia"
"HAS","Hasbro","Consumer Discretionary","Leisure Products","2026-08-15T18:16:03Z","wikipedia"
"HCA","HCA Healthcare","Health Care","Health Care Facilities","2026-08-15T18:16:03Z","wikipedia"
"DOC","Healthpeak Properties","Real Estate","Health Care REITs","2026-08-15T18:16:03Z","wikipedia"
"HSIC","Henry Schein","Health Care","Health Care Distributors","2026-08-15T18:16:03Z","wikipedia"
"HSY","Hershey Company (The)","Consumer Staples","Packaged Foods & Meats","2026-08-15T18:16:03Z","wikipedia"
"HPE","Hewlett Packard Enterprise","Information Technology","Technology Hardware, Storage & Peripherals","2026-08-15T18:16:03Z","wikipedia"
"HLT","Hilton Worldwide","Consumer Discretionary","Hotels, Resorts & Cruise Lines","2026-08-15T18:16:03Z","wikipedia"
"HD","Home Depot (The)","Consumer Discretionary","Home Improvement Retail","2026-08-15T18:16:03Z","wikipedia"
"HONA","Honeywell Aerospace","Industrials","Aerospace & Defense","2026-08-15T18:16:03Z","wikipedia"
"HON","Honeywell Technologies","Industrials","Industrial Conglomerates","2026-08-15T18:16:03Z","wikipedia"
"HRL","Hormel Foods","Consumer Staples","Packaged Foods & Meats","2026-08-15T18:16:03Z","wikipedia"
"HST","Host Hotels & Resorts","Real Estate","Hotel & Resort REITs","2026-08-15T18:16:03Z","wikipedia"
"HWM","Howmet Aerospace","Industrials","Aerospace & Defense","2026-08-15T18:16:03Z","wikipedia"
"HPQ","HP Inc.","Information Technology","Technology Hardware, Storage & Peripherals","2026-08-15T18:16:03Z","wikipedia"
"HUBB","Hubbell Incorporated","Industrials","Industrial Machinery & Supplies & Components","2026-08-15T18:16:03Z","wikipedia"
"HUM","Humana","Health Care","Managed Health Care","2026-08-15T18:16:03Z","wikipedia"
"HBAN","Huntington Bancshares","Financials","Regional Banks","2026-08-15T18:16:03Z","wikipedia"
"HII","Huntington Ingalls Industries","Industrials","Aerospace & Defense","2026-08-15T18:16:03Z","wikipedia"
"IBM","IBM","Information Technology","IT Consulting & Other Services","2026-08-15T18:16:03Z","wikipedia"
"IEX","IDEX Corporation","Industrials","Industrial Machinery & Supplies & Components","2026-08-15T18:16:03Z","wikipedia"
"IDXX","Idexx Laboratories","Health Care","Health Care Equipment","2026-08-15T18:16:03Z","wikipedia"
"ITW","Illinois Tool Works","Industrials","Industrial Machinery & Supplies & Components","2026-08-15T18:16:03Z","wikipedia"
"INCY","Incyte","Health Care","Biotechnology","2026-08-15T18:16:03Z","wikipedia"
"IR","Ingersoll Rand","Industrials","Industrial Machinery & Supplies & Components","2026-08-15T18:16:03Z","wikipedia"
"PODD","Insulet Corporation","Health Care","Health Care Equipment","2026-08-15T18:16:03Z","wikipedia"
"INTC","Intel","Information Technology","Semiconductors","2026-08-15T18:16:03Z","wikipedia"
"IBKR","Interactive Brokers","Financials","Investment Banking & Brokerage","2026-08-15T18:16:03Z","wikipedia"
"ICE","Intercontinental Exchange","Financials","Financial Exchanges & Data","2026-08-15T18:16:03Z","wikipedia"
"IFF","International Flavors & Fragrances","Materials","Specialty Chemicals","2026-08-15T18:16:03Z","wikipedia"
"IP","International Paper","Materials","Paper & Plastic Packaging Products & Materials","2026-08-15T18:16:03Z","wikipedia"
"INTU","Intuit","Information Technology","Application Software","2026-08-15T18:16:03Z","wikipedia"
"ISRG","Intuitive Surgical","Health Care","Health Care Equipment","2026-08-15T18:16:03Z","wikipedia"
"IVZ","Invesco","Financials","Asset Management & Custody Banks","2026-08-15T18:16:03Z","wikipedia"
"INVH","Invitation Homes","Real Estate","Single-Family Residential REITs","2026-08-15T18:16:03Z","wikipedia"
"IQV","IQVIA","Health Care","Life Sciences Tools & Services","2026-08-15T18:16:03Z","wikipedia"
"IRM","Iron Mountain","Real Estate","Other Specialized REITs","2026-08-15T18:16:03Z","wikipedia"
"JBHT","J.B. Hunt","Industrials","Cargo Ground Transportation","2026-08-15T18:16:03Z","wikipedia"
"JBL","Jabil","Information Technology","Electronic Manufacturing Services","2026-08-15T18:16:03Z","wikipedia"
"JKHY","Jack Henry & Associates","Financials","Transaction & Payment Processing Services","2026-08-15T18:16:03Z","wikipedia"
"J","Jacobs Solutions","Industrials","Construction & Engineering","2026-08-15T18:16:03Z","wikipedia"
"JNJ","Johnson & Johnson","Health Care","Pharmaceuticals","2026-08-15T18:16:03Z","wikipedia"
"JCI","Johnson Controls","Industrials","Building Products","2026-08-15T18:16:03Z","wikipedia"
"JPM","JPMorgan Chase","Financials","Diversified Banks","2026-08-15T18:16:03Z","wikipedia"
"KVUE","Kenvue","Consumer Staples","Personal Care Products","2026-08-15T18:16:03Z","wikipedia"
"KDP","Keurig Dr Pepper","Consumer Staples","Soft Drinks & Non-alcoholic Beverages","2026-08-15T18:16:03Z","wikipedia"
"KEY","KeyCorp","Financials","Regional Banks","2026-08-15T18:16:03Z","wikipedia"
"KEYS","Keysight Technologies","Information Technology","Electronic Equipment & Instruments","2026-08-15T18:16:03Z","wikipedia"
"KMB","Kimberly-Clark","Consumer Staples","Household Products","2026-08-15T18:16:03Z","wikipedia"
"KIM","Kimco Realty","Real Estate","Retail REITs","2026-08-15T18:16:03Z","wikipedia"
"KMI","Kinder Morgan","Energy","Oil & Gas Storage & Transportation","2026-08-15T18:16:03Z","wikipedia"
"KKR","KKR & Co.","Financials","Asset Management & Custody Banks","2026-08-15T18:16:03Z","wikipedia"
"KLAC","KLA Corporation","Information Technology","Semiconductor Materials & Equipment","2026-08-15T18:16:03Z","wikipedia"
"KHC","Kraft Heinz","Consumer Staples","Packaged Foods & Meats","2026-08-15T18:16:03Z","wikipedia"
"KR","Kroger","Consumer Staples","Food Retail","2026-08-15T18:16:03Z","wikipedia"
"LHX","L3Harris","Industrials","Aerospace & Defense","2026-08-15T18:16:03Z","wikipedia"
"LH","Labcorp","Health Care","Health Care Services","2026-08-15T18:16:03Z","wikipedia"
"LRCX","Lam Research","Information Technology","Semiconductor Materials & Equipment","2026-08-15T18:16:03Z","wikipedia"
"LVS","Las Vegas Sands","Consumer Discretionary","Casinos & Gaming","2026-08-15T18:16:03Z","wikipedia"
"LDOS","Leidos","Industrials","Diversified Support Services","2026-08-15T18:16:03Z","wikipedia"
"LEN","Lennar","Consumer Discretionary","Homebuilding","2026-08-15T18:16:03Z","wikipedia"
"LII","Lennox International","Industrials","Building Products","2026-08-15T18:16:03Z","wikipedia"
"LLY","Lilly (Eli)","Health Care","Pharmaceuticals","2026-08-15T18:16:03Z","wikipedia"
"LIN","Linde plc","Materials","Industrial Gases","2026-08-15T18:16:03Z","wikipedia"
"LYV","Live Nation Entertainment","Communication Services","Movies & Entertainment","2026-08-15T18:16:03Z","wikipedia"
"LMT","Lockheed Martin","Industrials","Aerospace & Defense","2026-08-15T18:16:03Z","wikipedia"
"L","Loews Corporation","Financials","Multi-line Insurance","2026-08-15T18:16:03Z","wikipedia"
"LOW","Lowe's","Consumer Discretionary","Home Improvement Retail","2026-08-15T18:16:03Z","wikipedia"
"LULU","Lululemon Athletica","Consumer Discretionary","Apparel, Accessories & Luxury Goods","2026-08-15T18:16:03Z","wikipedia"
"LITE","Lumentum","Information Technology","Communications Equipment","2026-08-15T18:16:03Z","wikipedia"
"LYB","LyondellBasell","Materials","Specialty Chemicals","2026-08-15T18:16:03Z","wikipedia"
"MTB","M&T Bank","Financials","Regional Banks","2026-08-15T18:16:03Z","wikipedia"
"MPC","Marathon Petroleum","Energy","Oil & Gas Refining & Marketing","2026-08-15T18:16:03Z","wikipedia"
"MAR","Marriott International","Consumer Discretionary","Hotels, Resorts & Cruise Lines","2026-08-15T18:16:03Z","wikipedia"
"MRSH","Marsh McLennan","Financials","Insurance Brokers","2026-08-15T18:16:03Z","wikipedia"
"MLM","Martin Marietta Materials","Materials","Construction Materials","2026-08-15T18:16:03Z","wikipedia"
"MRVL","Marvell Technology","Information Technology","Semiconductors","2026-08-15T18:16:03Z","wikipedia"
"MAS","Masco","Industrials","Building Products","2026-08-15T18:16:03Z","wikipedia"
"MA","Mastercard","Financials","Transaction & Payment Processing Services","2026-08-15T18:16:03Z","wikipedia"
"MKC","McCormick & Company","Consumer Staples","Packaged Foods & Meats","2026-08-15T18:16:03Z","wikipedia"
"MCD","McDonald's","Consumer Discretionary","Restaurants","2026-08-15T18:16:03Z","wikipedia"
"MCK","McKesson Corporation","Health Care","Health Care Distributors","2026-08-15T18:16:03Z","wikipedia"
"MDT","Medtronic","Health Care","Health Care Equipment","2026-08-15T18:16:03Z","wikipedia"
"MRK","Merck & Co.","Health Care","Pharmaceuticals","2026-08-15T18:16:03Z","wikipedia"
"META","Meta Platforms","Communication Services","Interactive Media & Services","2026-08-15T18:16:03Z","wikipedia"
"MET","MetLife","Financials","Life & Health Insurance","2026-08-15T18:16:03Z","wikipedia"
"MTD","Mettler Toledo","Health Care","Life Sciences Tools & Services","2026-08-15T18:16:03Z","wikipedia"
"MGM","MGM Resorts","Consumer Discretionary","Casinos & Gaming","2026-08-15T18:16:03Z","wikipedia"
"MCHP","Microchip Technology","Information Technology","Semiconductors","2026-08-15T18:16:03Z","wikipedia"
"MU","Micron Technology","Information Technology","Semiconductors","2026-08-15T18:16:03Z","wikipedia"
"MSFT","Microsoft","Information Technology","Systems Software","2026-08-15T18:16:03Z","wikipedia"
"MAA","Mid-America Apartment Communities","Real Estate","Multi-Family Residential REITs","2026-08-15T18:16:03Z","wikipedia"
"MRNA","Moderna","Health Care","Biotechnology","2026-08-15T18:16:03Z","wikipedia"
"TAP","Molson Coors Beverage Company","Consumer Staples","Brewers","2026-08-15T18:16:03Z","wikipedia"
"MDLZ","Mondelez International","Consumer Staples","Packaged Foods & Meats","2026-08-15T18:16:03Z","wikipedia"
"MPWR","Monolithic Power Systems","Information Technology","Semiconductors","2026-08-15T18:16:03Z","wikipedia"
"MNST","Monster Beverage","Consumer Staples","Soft Drinks & Non-alcoholic Beverages","2026-08-15T18:16:03Z","wikipedia"
"MCO","Moody's Corporation","Financials","Financial Exchanges & Data","2026-08-15T18:16:03Z","wikipedia"
"MS","Morgan Stanley","Financials","Investment Banking & Brokerage","2026-08-15T18:16:03Z","wikipedia"
"MOS","Mosaic Company (The)","Materials","Fertilizers & Agricultural Chemicals","2026-08-15T18:16:03Z","wikipedia"
"MSI","Motorola Solutions","Information Technology","Communications Equipment","2026-08-15T18:16:03Z","wikipedia"
"MSCI","MSCI","Financials","Financial Exchanges & Data","2026-08-15T18:16:03Z","wikipedia"
"NDAQ","Nasdaq, Inc.","Financials","Financial Exchanges & Data","2026-08-15T18:16:03Z","wikipedia"
"NTAP","NetApp","Information Technology","Technology Hardware, Storage & Peripherals","2026-08-15T18:16:03Z","wikipedia"
"NFLX","Netflix","Communication Services","Movies & Entertainment","2026-08-15T18:16:03Z","wikipedia"
"NEM","Newmont","Materials","Gold","2026-08-15T18:16:03Z","wikipedia"
"NWSA","News Corp (Class A)","Communication Services","Publishing","2026-08-15T18:16:03Z","wikipedia"
"NWS","News Corp (Class B)","Communication Services","Publishing","2026-08-15T18:16:03Z","wikipedia"
"NEE","NextEra Energy","Utilities","Multi-Utilities","2026-08-15T18:16:03Z","wikipedia"
"NKE","Nike, Inc.","Consumer Discretionary","Apparel, Accessories & Luxury Goods","2026-08-15T18:16:03Z","wikipedia"
"NI","NiSource","Utilities","Multi-Utilities","2026-08-15T18:16:03Z","wikipedia"
"NDSN","Nordson Corporation","Industrials","Industrial Machinery & Supplies & Components","2026-08-15T18:16:03Z","wikipedia"
"NSC","Norfolk Southern","Industrials","Rail Transportation","2026-08-15T18:16:03Z","wikipedia"
"NTRS","Northern Trust","Financials","Asset Management & Custody Banks","2026-08-15T18:16:03Z","wikipedia"
"NOC","Northrop Grumman","Industrials","Aerospace & Defense","2026-08-15T18:16:03Z","wikipedia"
"NCLH","Norwegian Cruise Line Holdings","Consumer Discretionary","Hotels, Resorts & Cruise Lines","2026-08-15T18:16:03Z","wikipedia"
"NRG","NRG Energy","Utilities","Independent Power Producers & Energy Traders","2026-08-15T18:16:03Z","wikipedia"
"NUE","Nucor","Materials","Steel","2026-08-15T18:16:03Z","wikipedia"
"NVDA","Nvidia","Information Technology","Semiconductors","2026-08-15T18:16:03Z","wikipedia"
"NVR","NVR, Inc.","Consumer Discretionary","Homebuilding","2026-08-15T18:16:03Z","wikipedia"
"NXPI","NXP Semiconductors","Information Technology","Semiconductors","2026-08-15T18:16:03Z","wikipedia"
"ORLY","O'Reilly Automotive","Consumer Discretionary","Automotive Retail","2026-08-15T18:16:03Z","wikipedia"
"OXY","Occidental Petroleum","Energy","Oil & Gas Exploration & Production","2026-08-15T18:16:03Z","wikipedia"
"ODFL","Old Dominion","Industrials","Cargo Ground Transportation","2026-08-15T18:16:03Z","wikipedia"
"OMC","Omnicom Group","Communication Services","Advertising","2026-08-15T18:16:03Z","wikipedia"
"ON","ON Semiconductor","Information Technology","Semiconductors","2026-08-15T18:16:03Z","wikipedia"
"OKE","Oneok","Energy","Oil & Gas Storage & Transportation","2026-08-15T18:16:03Z","wikipedia"
"ORCL","Oracle Corporation","Information Technology","Application Software","2026-08-15T18:16:03Z","wikipedia"
"OTIS","Otis Worldwide","Industrials","Industrial Machinery & Supplies & Components","2026-08-15T18:16:03Z","wikipedia"
"PCAR","Paccar","Industrials","Construction Machinery & Heavy Transportation Equipment","2026-08-15T18:16:03Z","wikipedia"
"PKG","Packaging Corporation of America","Materials","Paper & Plastic Packaging Products & Materials","2026-08-15T18:16:03Z","wikipedia"
"PLTR","Palantir Technologies","Information Technology","Application Software","2026-08-15T18:16:03Z","wikipedia"
"PANW","Palo Alto Networks","Information Technology","Systems Software","2026-08-15T18:16:03Z","wikipedia"
"PSKY","Paramount Skydance Corporation","Communication Services","Movies & Entertainment","2026-08-15T18:16:03Z","wikipedia"
"PH","Parker Hannifin","Industrials","Industrial Machinery & Supplies & Components","2026-08-15T18:16:03Z","wikipedia"
"PAYX","Paychex","Industrials","Human Resource & Employment Services","2026-08-15T18:16:03Z","wikipedia"
"PYPL","PayPal","Financials","Transaction & Payment Processing Services","2026-08-15T18:16:03Z","wikipedia"
"PNR","Pentair","Industrials","Industrial Machinery & Supplies & Components","2026-08-15T18:16:03Z","wikipedia"
"PEP","PepsiCo","Consumer Staples","Soft Drinks & Non-alcoholic Beverages","2026-08-15T18:16:03Z","wikipedia"
"PFE","Pfizer","Health Care","Pharmaceuticals","2026-08-15T18:16:03Z","wikipedia"
"PCG","PG&E Corporation","Utilities","Multi-Utilities","2026-08-15T18:16:03Z","wikipedia"
"PM","Philip Morris International","Consumer Staples","Tobacco","2026-08-15T18:16:03Z","wikipedia"
"PSX","Phillips 66","Energy","Oil & Gas Refining & Marketing","2026-08-15T18:16:03Z","wikipedia"
"PNW","Pinnacle West Capital","Utilities","Multi-Utilities","2026-08-15T18:16:03Z","wikipedia"
"PNC","PNC Financial Services","Financials","Diversified Banks","2026-08-15T18:16:03Z","wikipedia"
"PPG","PPG Industries","Materials","Specialty Chemicals","2026-08-15T18:16:03Z","wikipedia"
"PPL","PPL Corporation","Utilities","Electric Utilities","2026-08-15T18:16:03Z","wikipedia"
"PFG","Principal Financial Group","Financials","Life & Health Insurance","2026-08-15T18:16:03Z","wikipedia"
"PG","Procter & Gamble","Consumer Staples","Personal Care Products","2026-08-15T18:16:03Z","wikipedia"
"PGR","Progressive Corporation","Financials","Property & Casualty Insurance","2026-08-15T18:16:03Z","wikipedia"
"PLD","Prologis","Real Estate","Industrial REITs","2026-08-15T18:16:03Z","wikipedia"
"PRU","Prudential Financial","Financials","Life & Health Insurance","2026-08-15T18:16:03Z","wikipedia"
"PEG","Public Service Enterprise Group","Utilities","Electric Utilities","2026-08-15T18:16:03Z","wikipedia"
"PTC","PTC Inc.","Information Technology","Application Software","2026-08-15T18:16:03Z","wikipedia"
"PSA","Public Storage","Real Estate","Self-Storage REITs","2026-08-15T18:16:03Z","wikipedia"
"PHM","PulteGroup","Consumer Discretionary","Homebuilding","2026-08-15T18:16:03Z","wikipedia"
"PWR","Quanta Services","Industrials","Construction & Engineering","2026-08-15T18:16:03Z","wikipedia"
"QCOM","Qualcomm","Information Technology","Semiconductors","2026-08-15T18:16:03Z","wikipedia"
"DGX","Quest Diagnostics","Health Care","Health Care Services","2026-08-15T18:16:03Z","wikipedia"
"Q","Qnity Electronics","Information Technology","Semiconductor Materials & Equipment","2026-08-15T18:16:03Z","wikipedia"
"RL","Ralph Lauren Corporation","Consumer Discretionary","Apparel, Accessories & Luxury Goods","2026-08-15T18:16:03Z","wikipedia"
"RJF","Raymond James Financial","Financials","Investment Banking & Brokerage","2026-08-15T18:16:03Z","wikipedia"
"RTX","RTX Corporation","Industrials","Aerospace & Defense","2026-08-15T18:16:03Z","wikipedia"
"O","Realty Income","Real Estate","Retail REITs","2026-08-15T18:16:03Z","wikipedia"
"REG","Regency Centers","Real Estate","Retail REITs","2026-08-15T18:16:03Z","wikipedia"
"REGN","Regeneron Pharmaceuticals","Health Care","Biotechnology","2026-08-15T18:16:03Z","wikipedia"
"RF","Regions Financial Corporation","Financials","Regional Banks","2026-08-15T18:16:03Z","wikipedia"
"RSG","Republic Services","Industrials","Environmental & Facilities Services","2026-08-15T18:16:03Z","wikipedia"
"RMD","ResMed|","Health Care","Health Care Equipment","2026-08-15T18:16:03Z","wikipedia"
"RVTY","Revvity","Health Care","Health Care Equipment","2026-08-15T18:16:03Z","wikipedia"
"HOOD","Robinhood Markets","Financials","Investment Banking & Brokerage","2026-08-15T18:16:03Z","wikipedia"
"ROK","Rockwell Automation","Industrials","Electrical Components & Equipment","2026-08-15T18:16:03Z","wikipedia"
"ROL","Rollins, Inc.","Industrials","Environmental & Facilities Services","2026-08-15T18:16:03Z","wikipedia"
"ROP","Roper Technologies","Information Technology","Electronic Equipment & Instruments","2026-08-15T18:16:03Z","wikipedia"
"ROST","Ross Stores","Consumer Discretionary","Apparel Retail","2026-08-15T18:16:03Z","wikipedia"
"RCL","Royal Caribbean Group","Consumer Discretionary","Hotels, Resorts & Cruise Lines","2026-08-15T18:16:03Z","wikipedia"
"SPGI","S&P Global","Financials","Financial Exchanges & Data","2026-08-15T18:16:03Z","wikipedia"
"CRM","Salesforce","Information Technology","Application Software","2026-08-15T18:16:03Z","wikipedia"
"SNDK","Sandisk","Information Technology","Technology Hardware, Storage & Peripherals","2026-08-15T18:16:03Z","wikipedia"
"SBAC","SBA Communications","Real Estate","Telecom Tower REITs","2026-08-15T18:16:03Z","wikipedia"
"SLB","Schlumberger","Energy","Oil & Gas Equipment & Services","2026-08-15T18:16:03Z","wikipedia"
"STX","Seagate Technology","Information Technology","Technology Hardware, Storage & Peripherals","2026-08-15T18:16:03Z","wikipedia"
"SRE","Sempra","Utilities","Multi-Utilities","2026-08-15T18:16:03Z","wikipedia"
"NOW","ServiceNow","Information Technology","Systems Software","2026-08-15T18:16:03Z","wikipedia"
"SHW","Sherwin-Williams","Materials","Specialty Chemicals","2026-08-15T18:16:03Z","wikipedia"
"SPG","Simon Property Group","Real Estate","Retail REITs","2026-08-15T18:16:03Z","wikipedia"
"SWKS","Skyworks Solutions","Information Technology","Semiconductors","2026-08-15T18:16:03Z","wikipedia"
"SJM","J.M. Smucker Company (The)","Consumer Staples","Packaged Foods & Meats","2026-08-15T18:16:03Z","wikipedia"
"SW","Smurfit Westrock","Materials","Paper & Plastic Packaging Products & Materials","2026-08-15T18:16:03Z","wikipedia"
"SNA","Snap-on","Industrials","Industrial Machinery & Supplies & Components","2026-08-15T18:16:03Z","wikipedia"
"SOLV","Solventum","Health Care","Health Care Technology","2026-08-15T18:16:03Z","wikipedia"
"SO","Southern Company","Utilities","Electric Utilities","2026-08-15T18:16:03Z","wikipedia"
"LUV","Southwest Airlines","Industrials","Passenger Airlines","2026-08-15T18:16:03Z","wikipedia"
"SWK","Stanley Black & Decker","Industrials","Industrial Machinery & Supplies & Components","2026-08-15T18:16:03Z","wikipedia"
"SBUX","Starbucks","Consumer Discretionary","Restaurants","2026-08-15T18:16:03Z","wikipedia"
"STT","State Street Corporation","Financials","Asset Management & Custody Banks","2026-08-15T18:16:03Z","wikipedia"
"STLD","Steel Dynamics","Materials","Steel","2026-08-15T18:16:03Z","wikipedia"
"STE","Steris","Health Care","Health Care Equipment","2026-08-15T18:16:03Z","wikipedia"
"SYK","Stryker Corporation","Health Care","Health Care Equipment","2026-08-15T18:16:03Z","wikipedia"
"SMCI","Supermicro","Information Technology","Technology Hardware, Storage & Peripherals","2026-08-15T18:16:03Z","wikipedia"
"SYF","Synchrony Financial","Financials","Consumer Finance","2026-08-15T18:16:03Z","wikipedia"
"SNPS","Synopsys","Information Technology","Application Software","2026-08-15T18:16:03Z","wikipedia"
"SYY","Sysco","Consumer Staples","Food Distributors","2026-08-15T18:16:03Z","wikipedia"
"TMUS","T-Mobile US","Communication Services","Wireless Telecommunication Services","2026-08-15T18:16:03Z","wikipedia"
"TROW","T. Rowe Price","Financials","Asset Management & Custody Banks","2026-08-15T18:16:03Z","wikipedia"
"TTWO","Take-Two Interactive","Communication Services","Interactive Home Entertainment","2026-08-15T18:16:03Z","wikipedia"
"TPR","Tapestry, Inc.","Consumer Discretionary","Apparel, Accessories & Luxury Goods","2026-08-15T18:16:03Z","wikipedia"
"TRGP","Targa Resources","Energy","Oil & Gas Storage & Transportation","2026-08-15T18:16:03Z","wikipedia"
"TGT","Target Corporation","Consumer Staples","Consumer Staples Merchandise Retail","2026-08-15T18:16:03Z","wikipedia"
"TEL","TE Connectivity","Information Technology","Electronic Manufacturing Services","2026-08-15T18:16:03Z","wikipedia"
"TDY","Teledyne Technologies","Information Technology","Electronic Equipment & Instruments","2026-08-15T18:16:03Z","wikipedia"
"TER","Teradyne","Information Technology","Semiconductor Materials & Equipment","2026-08-15T18:16:03Z","wikipedia"
"TSLA","Tesla, Inc.","Consumer Discretionary","Automobile Manufacturers","2026-08-15T18:16:03Z","wikipedia"
"TXN","Texas Instruments","Information Technology","Semiconductors","2026-08-15T18:16:03Z","wikipedia"
"TPL","Texas Pacific Land Corporation","Energy","Oil & Gas Exploration & Production","2026-08-15T18:16:03Z","wikipedia"
"TXT","Textron","Industrials","Aerospace & Defense","2026-08-15T18:16:03Z","wikipedia"
"TMO","Thermo Fisher Scientific","Health Care","Life Sciences Tools & Services","2026-08-15T18:16:03Z","wikipedia"
"TJX","TJX Companies","Consumer Discretionary","Apparel Retail","2026-08-15T18:16:03Z","wikipedia"
"TKO","TKO Group Holdings","Communication Services","Movies & Entertainment","2026-08-15T18:16:03Z","wikipedia"
"TTD","Trade Desk (The)","Communication Services","Advertising","2026-08-15T18:16:03Z","wikipedia"
"TSCO","Tractor Supply","Consumer Discretionary","Other Specialty Retail","2026-08-15T18:16:03Z","wikipedia"
"TT","Trane Technologies","Industrials","Building Products","2026-08-15T18:16:03Z","wikipedia"
"TDG","TransDigm Group","Industrials","Aerospace & Defense","2026-08-15T18:16:03Z","wikipedia"
"TRV","Travelers Companies (The)","Financials","Property & Casualty Insurance","2026-08-15T18:16:03Z","wikipedia"
"TRMB","Trimble Inc.","Information Technology","Application Software","2026-08-15T18:16:03Z","wikipedia"
"TFC","Truist Financial","Financials","Diversified Banks","2026-08-15T18:16:03Z","wikipedia"
"TYL","Tyler Technologies","Information Technology","Application Software","2026-08-15T18:16:03Z","wikipedia"
"TSN","Tyson Foods","Consumer Staples","Packaged Foods & Meats","2026-08-15T18:16:03Z","wikipedia"
"USB","U.S. Bancorp","Financials","Diversified Banks","2026-08-15T18:16:03Z","wikipedia"
"UBER","Uber","Industrials","Passenger Ground Transportation","2026-08-15T18:16:03Z","wikipedia"
"UDR","UDR, Inc.","Real Estate","Multi-Family Residential REITs","2026-08-15T18:16:03Z","wikipedia"
"ULTA","Ulta Beauty","Consumer Discretionary","Other Specialty Retail","2026-08-15T18:16:03Z","wikipedia"
"UNP","Union Pacific Corporation","Industrials","Rail Transportation","2026-08-15T18:16:03Z","wikipedia"
"UAL","United Airlines Holdings","Industrials","Passenger Airlines","2026-08-15T18:16:03Z","wikipedia"
"UPS","United Parcel Service","Industrials","Air Freight & Logistics","2026-08-15T18:16:03Z","wikipedia"
"URI","United Rentals","Industrials","Trading Companies & Distributors","2026-08-15T18:16:03Z","wikipedia"
"UNH","UnitedHealth Group","Health Care","Managed Health Care","2026-08-15T18:16:03Z","wikipedia"
"UHS","Universal Health Services","Health Care","Health Care Facilities","2026-08-15T18:16:03Z","wikipedia"
"VLO","Valero Energy","Energy","Oil & Gas Refining & Marketing","2026-08-15T18:16:03Z","wikipedia"
"VEEV","Veeva Systems","Health Care","Health Care Technology","2026-08-15T18:16:03Z","wikipedia"
"VTR","Ventas","Real Estate","Health Care REITs","2026-08-15T18:16:03Z","wikipedia"
"VLTO","Veralto","Industrials","Environmental & Facilities Services","2026-08-15T18:16:03Z","wikipedia"
"VRSN","Verisign","Information Technology","Internet Services & Infrastructure","2026-08-15T18:16:03Z","wikipedia"
"VRSK","Verisk Analytics","Industrials","Research & Consulting Services","2026-08-15T18:16:03Z","wikipedia"
"VZ","Verizon","Communication Services","Integrated Telecommunication Services","2026-08-15T18:16:03Z","wikipedia"
"VRTX","Vertex Pharmaceuticals","Health Care","Biotechnology","2026-08-15T18:16:03Z","wikipedia"
"VRT","Vertiv","Industrials","Electrical Components & Equipment","2026-08-15T18:16:03Z","wikipedia"
"VTRS","Viatris","Health Care","Pharmaceuticals","2026-08-15T18:16:03Z","wikipedia"
"VICI","Vici Properties","Real Estate","Hotel & Resort REITs","2026-08-15T18:16:03Z","wikipedia"
"V","Visa Inc.","Financials","Transaction & Payment Processing Services","2026-08-15T18:16:03Z","wikipedia"
"VST","Vistra Corp.","Utilities","Electric Utilities","2026-08-15T18:16:03Z","wikipedia"
"VMC","Vulcan Materials Company","Materials","Construction Materials","2026-08-15T18:16:03Z","wikipedia"
"WRB","W. R. Berkley Corporation","Financials","Property & Casualty Insurance","2026-08-15T18:16:03Z","wikipedia"
"GWW","W. W. Grainger","Industrials","Industrial Machinery & Supplies & Components","2026-08-15T18:16:03Z","wikipedia"
"WAB","Wabtec","Industrials","Construction Machinery & Heavy Transportation Equipment","2026-08-15T18:16:03Z","wikipedia"
"WMT","Walmart","Consumer Staples","Consumer Staples Merchandise Retail","2026-08-15T18:16:03Z","wikipedia"
"DIS","Walt Disney Company (The)","Communication Services","Movies & Entertainment","2026-08-15T18:16:03Z","wikipedia"
"WBD","Warner Bros. Discovery","Communication Services","Broadcasting","2026-08-15T18:16:03Z","wikipedia"
"WM","Waste Management","Industrials","Environmental & Facilities Services","2026-08-15T18:16:03Z","wikipedia"
"WAT","Waters Corporation","Health Care","Life Sciences Tools & Services","2026-08-15T18:16:03Z","wikipedia"
"WEC","WEC Energy Group","Utilities","Electric Utilities","2026-08-15T18:16:03Z","wikipedia"
"WFC","Wells Fargo","Financials","Diversified Banks","2026-08-15T18:16:03Z","wikipedia"
"WELL","Welltower","Real Estate","Health Care REITs","2026-08-15T18:16:03Z","wikipedia"
"WST","West Pharmaceutical Services","Health Care","Health Care Supplies","2026-08-15T18:16:03Z","wikipedia"
"WDC","Western Digital","Information Technology","Technology Hardware, Storage & Peripherals","2026-08-15T18:16:03Z","wikipedia"
"WY","Weyerhaeuser","Real Estate","Timber REITs","2026-08-15T18:16:03Z","wikipedia"
"WSM","Williams-Sonoma, Inc.","Consumer Discretionary","Homefurnishing Retail","2026-08-15T18:16:03Z","wikipedia"
"WMB","Williams Companies","Energy","Oil & Gas Storage & Transportation","2026-08-15T18:16:03Z","wikipedia"
"WTW","Willis Towers Watson","Financials","Insurance Brokers","2026-08-15T18:16:03Z","wikipedia"
"WDAY","Workday, Inc.","Information Technology","Application Software","2026-08-15T18:16:03Z","wikipedia"
"WYNN","Wynn Resorts","Consumer Discretionary","Casinos & Gaming","2026-08-15T18:16:03Z","wikipedia"
"XEL","Xcel Energy","Utilities","Multi-Utilities","2026-08-15T18:16:03Z","wikipedia"
"XYL","Xylem Inc.","Industrials","Industrial Machinery & Supplies & Components","2026-08-15T18:16:03Z","wikipedia"
"YUM","Yum! Brands","Consumer Discretionary","Restaurants","2026-08-15T18:16:03Z","wikipedia"
"ZBRA","Zebra Technologies","Information Technology","Electronic Equipment & Instruments","2026-08-15T18:16:03Z","wikipedia"
"ZBH","Zimmer Biomet","Health Care","Health Care Equipment","2026-08-15T18:16:03Z","wikipedia"
"ZTS","Zoetis","Health Care","Pharmaceuticals","2026-08-15T18:16:03Z","wikipedia"
