"ticker","sector","industry","industry_key","industry_raw","source","fetched_at"
"ABEV","Consumer Defensive","Beverages - Brewers","fmcg.Food_Beverages","Sector: Consumer Defensive | Industry: Beverages - Brewers","yahoo","2026-09-29T15:59:06Z"
"AEM","Basic Materials","Gold","mat.Metals_Mining","Sector: Basic Materials | Industry: Gold","yahoo","2026-09-29T15:59:06Z"
"AFRM","Technology","Software - Infrastructure","fn.Fintech","Sector: Technology | Industry: Software - Infrastructure","manual-seed","2026-09-29T16:05:00Z"
"ALAB","Technology","Semiconductors","sc.IC_Design","Sector: Technology | Industry: Semiconductors","yahoo","2026-09-29T15:59:06Z"
"ALC","Healthcare","Medical Instruments & Supplies","","Sector: Healthcare | Industry: Medical Instruments & Supplies","yahoo","2026-09-29T16:01:07Z"
"ALL-PH","Financial Services","Insurance - Property & Casualty","fn.Insurance","Sector: Financial Services | Industry: Insurance - Property & Casualty","yahoo","2026-09-29T16:01:07Z"
"ALNY","Healthcare","Biotechnology","hc.Biotech","Sector: Healthcare | Industry: Biotechnology","yahoo","2026-09-29T16:01:07Z"
"AMX","Communication Services","Telecom Services","tel.Telecom","Sector: Communication Services | Industry: Telecom Services","yahoo","2026-09-29T15:59:06Z"
"ARGX","Healthcare","Biotechnology","hc.Biotech","Sector: Healthcare | Industry: Biotechnology","yahoo","2026-09-29T15:59:06Z"
"ARM","Technology","Semiconductors","sc.IC_Design","Sector: Technology | Industry: Semiconductors","yahoo","2026-09-29T15:59:06Z"
"ASML","Technology","Semiconductor Equipment & Materials","sc.Equipment","Sector: Technology | Industry: Semiconductor Equipment & Materials","yahoo","2026-09-29T15:59:06Z"
"ASX","Technology","Semiconductors","sc.IC_Design","Sector: Technology | Industry: Semiconductors","yahoo","2026-09-29T15:59:06Z"
"ATI","Industrials","Metal Fabrication","mat.Metals_Mining","Sector: Industrials | Industry: Metal Fabrication","yahoo","2026-09-29T16:01:07Z"
"AU","Basic Materials","Gold","mat.Metals_Mining","Sector: Basic Materials | Industry: Gold","yahoo","2026-09-29T15:59:06Z"
"AZN","Healthcare","Drug Manufacturers - General","hc.Pharma","Sector: Healthcare | Industry: Drug Manufacturers - General","yahoo","2026-09-29T15:59:06Z"
"B","Basic Materials","Gold","mat.Metals_Mining","Sector: Basic Materials | Industry: Gold","yahoo","2026-09-29T15:59:06Z"
"BABA","Consumer Cyclical","Internet Retail","ecr.Ecommerce_Retail","Sector: Consumer Cyclical | Industry: Internet Retail","yahoo","2026-09-29T15:59:06Z"
"BAM","Financial Services","Asset Management","fn.Asset_Management","Sector: Financial Services | Industry: Asset Management","yahoo","2026-09-29T15:59:06Z"
"BAP","Financial Services","Banks - Regional","fn.Banking","Sector: Financial Services | Industry: Banks - Regional","yahoo","2026-09-29T16:01:07Z"
"BBD","Financial Services","Banks - Regional","fn.Banking","Sector: Financial Services | Industry: Banks - Regional","yahoo","2026-09-29T16:01:07Z"
"BBDO","Financial Services","Banks - Regional","fn.Banking","Sector: Financial Services | Industry: Banks - Regional","yahoo","2026-09-29T16:01:07Z"
"BBVA","Financial Services","Banks - Diversified","fn.Banking","Sector: Financial Services | Industry: Banks - Diversified","yahoo","2026-09-29T15:59:06Z"
"BCS","Financial Services","Banks - Diversified","fn.Banking","Sector: Financial Services | Industry: Banks - Diversified","yahoo","2026-09-29T15:59:06Z"
"BE","Industrials","Electrical Equipment & Parts","ind.Machinery","Sector: Industrials | Industry: Electrical Equipment & Parts","yahoo","2026-09-29T15:59:06Z"
"BHP","Basic Materials","Other Industrial Metals & Mining","mat.Metals_Mining","Sector: Basic Materials | Industry: Other Industrial Metals & Mining","yahoo","2026-09-29T15:59:06Z"
"BIDU","Communication Services","Internet Content & Information","tech.Internet_Platform","Sector: Communication Services | Industry: Internet Content & Information","yahoo","2026-09-29T16:01:07Z"
"BILL","Technology","Software - Application","saas.SaaS_Cloud","Sector: Technology | Industry: Software - Application","manual-seed","2026-09-29T16:05:00Z"
"BIP","Utilities","Utilities - Diversified","en.Utilities","Sector: Utilities | Industry: Utilities - Diversified","yahoo","2026-09-29T16:01:07Z"
"BMO","Financial Services","Banks - Diversified","fn.Banking","Sector: Financial Services | Industry: Banks - Diversified","yahoo","2026-09-29T15:59:06Z"
"BN","Financial Services","Asset Management","fn.Asset_Management","Sector: Financial Services | Industry: Asset Management","yahoo","2026-09-29T15:59:06Z"
"BNS","Financial Services","Banks - Diversified","fn.Banking","Sector: Financial Services | Industry: Banks - Diversified","yahoo","2026-09-29T15:59:06Z"
"BNTX","Healthcare","Biotechnology","hc.Biotech","Sector: Healthcare | Industry: Biotechnology","yahoo","2026-09-29T16:01:07Z"
"BP","Energy","Oil & Gas Integrated","en.Energy_OilGas","Sector: Energy | Industry: Oil & Gas Integrated","yahoo","2026-09-29T15:59:06Z"
"BRK-A","Financial Services","Insurance - Diversified","fn.Insurance","Sector: Financial Services | Industry: Insurance - Diversified","yahoo","2026-09-29T15:59:06Z"
"BSBR","Financial Services","Banks - Regional","fn.Banking","Sector: Financial Services | Industry: Banks - Regional","yahoo","2026-09-29T16:01:07Z"
"BSP","Technology","Software - Application","saas.SaaS_Cloud","Sector: Technology | Industry: Software - Application","yahoo","2026-09-29T16:01:07Z"
"BTI","Consumer Defensive","Tobacco","fmcg.Food_Beverages","Sector: Consumer Defensive | Industry: Tobacco","yahoo","2026-09-29T15:59:06Z"
"BUD","Consumer Defensive","Beverages - Brewers","fmcg.Food_Beverages","Sector: Consumer Defensive | Industry: Beverages - Brewers","yahoo","2026-09-29T15:59:06Z"
"CBRS","Technology","Semiconductors","sc.IC_Design","Sector: Technology | Industry: Semiconductors","yahoo","2026-09-29T15:59:06Z"
"CCEP","Consumer Defensive","Beverages - Non-Alcoholic","fmcg.Food_Beverages","Sector: Consumer Defensive | Industry: Beverages - Non-Alcoholic","yahoo","2026-09-29T16:01:07Z"
"CCJ","Energy","Uranium","en.Energy_OilGas","Sector: Energy | Industry: Uranium","yahoo","2026-09-29T16:01:07Z"
"CHT","Communication Services","Telecom Services","tel.Telecom","Sector: Communication Services | Industry: Telecom Services","yahoo","2026-09-29T16:01:07Z"
"CLS","Technology","Electronic Components","ec.Hardware","Sector: Technology | Industry: Electronic Components","yahoo","2026-09-29T16:01:07Z"
"CM","Financial Services","Banks - Diversified","fn.Banking","Sector: Financial Services | Industry: Banks - Diversified","yahoo","2026-09-29T15:59:06Z"
"CNI","Industrials","Railroads","tr.Logistics_Shipping","Sector: Industrials | Industry: Railroads","yahoo","2026-09-29T15:59:06Z"
"CNQ","Energy","Oil & Gas E&P","en.Energy_OilGas","Sector: Energy | Industry: Oil & Gas E&P","yahoo","2026-09-29T15:59:06Z"
"CP","Industrials","Railroads","tr.Logistics_Shipping","Sector: Industrials | Industry: Railroads","yahoo","2026-09-29T15:59:06Z"
"CPNG","Consumer Cyclical","Internet Retail","ecr.Ecommerce_Retail","Sector: Consumer Cyclical | Industry: Internet Retail","yahoo","2026-09-29T16:01:07Z"
"CQP","Energy","Oil & Gas Midstream","en.Energy_OilGas","Sector: Energy | Industry: Oil & Gas Midstream","yahoo","2026-09-29T16:01:07Z"
"CRCL","Financial Services","Capital Markets","fn.Investment_Banking","Sector: Financial Services | Industry: Capital Markets","yahoo","2026-09-29T16:01:07Z"
"CRDO","Technology","Semiconductors","sc.IC_Design","Sector: Technology | Industry: Semiconductors","yahoo","2026-09-29T16:01:07Z"
"CRWV","Technology","Software - Infrastructure","","Sector: Technology | Industry: Software - Infrastructure","yahoo","2026-09-29T16:01:07Z"
"CVE","Energy","Oil & Gas Integrated","en.Energy_OilGas","Sector: Energy | Industry: Oil & Gas Integrated","yahoo","2026-09-29T15:59:06Z"
"CVNA","Consumer Cyclical","Auto & Truck Dealerships","auto.Parts_Suppliers","Sector: Consumer Cyclical | Industry: Auto & Truck Dealerships","manual-seed","2026-09-29T16:05:00Z"
"DB","Financial Services","Banks - Regional","fn.Banking","Sector: Financial Services | Industry: Banks - Regional","yahoo","2026-09-29T15:59:06Z"
"DEO","Consumer Defensive","Beverages - Wineries & Distilleries","fmcg.Food_Beverages","Sector: Consumer Defensive | Industry: Beverages - Wineries & Distilleries","yahoo","2026-09-29T15:59:06Z"
"E","Energy","Oil & Gas Integrated","en.Energy_OilGas","Sector: Energy | Industry: Oil & Gas Integrated","yahoo","2026-09-29T15:59:06Z"
"EC","Energy","Oil & Gas Integrated","en.Energy_OilGas","Sector: Energy | Industry: Oil & Gas Integrated","yahoo","2026-09-29T16:01:07Z"
"ENB","Energy","Oil & Gas Midstream","en.Energy_OilGas","Sector: Energy | Industry: Oil & Gas Midstream","yahoo","2026-09-29T15:59:06Z"
"EPD","Energy","Oil & Gas Midstream","en.Energy_OilGas","Sector: Energy | Industry: Oil & Gas Midstream","yahoo","2026-09-29T15:59:06Z"
"EQNR","Energy","Oil & Gas Integrated","en.Energy_OilGas","Sector: Energy | Industry: Oil & Gas Integrated","yahoo","2026-09-29T15:59:06Z"
"ERIC","Technology","Communication Equipment","","Sector: Technology | Industry: Communication Equipment","yahoo","2026-09-29T16:01:07Z"
"ESLT","Industrials","Aerospace & Defense","ind.Aerospace_Defense","Sector: Industrials | Industry: Aerospace & Defense","yahoo","2026-09-29T16:01:07Z"
"ET","Energy","Oil & Gas Midstream","en.Energy_OilGas","Sector: Energy | Industry: Oil & Gas Midstream","yahoo","2026-09-29T15:59:06Z"
"FER","Industrials","Engineering & Construction","ind.Construction","Sector: Industrials | Industry: Engineering & Construction","yahoo","2026-09-29T16:01:07Z"
"FMX","Consumer Defensive","Beverages - Brewers","fmcg.Food_Beverages","Sector: Consumer Defensive | Industry: Beverages - Brewers","yahoo","2026-09-29T16:01:07Z"
"FNV","Basic Materials","Gold","mat.Metals_Mining","Sector: Basic Materials | Industry: Gold","yahoo","2026-09-29T15:59:06Z"
"FTI","Energy","Oil & Gas Equipment & Services","en.Energy_OilGas","Sector: Energy | Industry: Oil & Gas Equipment & Services","yahoo","2026-09-29T16:01:07Z"
"FTS","Utilities","Utilities - Regulated Electric","en.Utilities","Sector: Utilities | Industry: Utilities - Regulated Electric","yahoo","2026-09-29T16:01:07Z"
"GFI","Basic Materials","Gold","mat.Metals_Mining","Sector: Basic Materials | Industry: Gold","yahoo","2026-09-29T16:01:07Z"
"GFS","Technology","Semiconductors","sc.IC_Design","Sector: Technology | Industry: Semiconductors","yahoo","2026-09-29T16:01:07Z"
"GH","Healthcare","Diagnostics & Research","","Sector: Healthcare | Industry: Diagnostics & Research","yahoo","2026-09-29T16:01:07Z"
"GSK","Healthcare","Drug Manufacturers - General","hc.Pharma","Sector: Healthcare | Industry: Drug Manufacturers - General","yahoo","2026-09-29T15:59:06Z"
"HDB","Financial Services","Banks - Regional","fn.Banking","Sector: Financial Services | Industry: Banks - Regional","yahoo","2026-09-29T15:59:06Z"
"HEI","Industrials","Aerospace & Defense","ind.Aerospace_Defense","Sector: Industrials | Industry: Aerospace & Defense","yahoo","2026-09-29T16:01:07Z"
"HEI-A","Industrials","Aerospace & Defense","ind.Aerospace_Defense","Sector: Industrials | Industry: Aerospace & Defense","yahoo","2026-09-29T16:01:07Z"
"HLN","Healthcare","Drug Manufacturers - Specialty & Generic","hc.Pharma","Sector: Healthcare | Industry: Drug Manufacturers - Specialty & Generic","yahoo","2026-09-29T16:01:07Z"
"HMC","Consumer Cyclical","Auto Manufacturers","auto.Vehicle_Manufacturing","Sector: Consumer Cyclical | Industry: Auto Manufacturers","yahoo","2026-09-29T16:01:07Z"
"HSBC","Financial Services","Banks - Diversified","fn.Banking","Sector: Financial Services | Industry: Banks - Diversified","yahoo","2026-09-29T15:59:06Z"
"IBN","Financial Services","Banks - Regional","fn.Banking","Sector: Financial Services | Industry: Banks - Regional","yahoo","2026-09-29T15:59:06Z"
"ILMN","Healthcare","Diagnostics & Research","","Sector: Healthcare | Industry: Diagnostics & Research","yahoo","2026-09-29T16:01:07Z"
"INFY","Technology","Information Technology Services","tech.IT_Services","Sector: Technology | Industry: Information Technology Services","yahoo","2026-09-29T16:01:07Z"
"ING","Financial Services","Banks - Diversified","fn.Banking","Sector: Financial Services | Industry: Banks - Diversified","yahoo","2026-09-29T15:59:06Z"
"INSM","Healthcare","Biotechnology","hc.Biotech","Sector: Healthcare | Industry: Biotechnology","yahoo","2026-09-29T16:01:07Z"
"ITUB","Financial Services","Banks - Regional","fn.Banking","Sector: Financial Services | Industry: Banks - Regional","yahoo","2026-09-29T15:59:06Z"
"IX","Financial Services","Financial Conglomerates","fn.Conglomerate_Holding","Sector: Financial Services | Industry: Financial Conglomerates","yahoo","2026-09-29T16:01:07Z"
"JD","Consumer Cyclical","Internet Retail","ecr.Ecommerce_Retail","Sector: Consumer Cyclical | Industry: Internet Retail","yahoo","2026-09-29T16:01:07Z"
"KB","Financial Services","Banks - Regional","fn.Banking","Sector: Financial Services | Industry: Banks - Regional","yahoo","2026-09-29T16:01:07Z"
"KGC","Basic Materials","Gold","mat.Metals_Mining","Sector: Basic Materials | Industry: Gold","yahoo","2026-09-29T16:01:07Z"
"LCID","Consumer Cyclical","Auto Manufacturers","auto.Vehicle_Manufacturing","Sector: Consumer Cyclical | Industry: Auto Manufacturers","manual-seed","2026-09-29T16:05:00Z"
"LNG","Energy","Oil & Gas Midstream","en.Energy_OilGas","Sector: Energy | Industry: Oil & Gas Midstream","yahoo","2026-09-29T15:59:06Z"
"LPLA","Financial Services","Capital Markets","fn.Investment_Banking","Sector: Financial Services | Industry: Capital Markets","yahoo","2026-09-29T16:01:07Z"
"LYG","Financial Services","Banks - Regional","fn.Banking","Sector: Financial Services | Industry: Banks - Regional","yahoo","2026-09-29T15:59:06Z"
"MDB","Technology","Software - Infrastructure","","Sector: Technology | Industry: Software - Infrastructure","yahoo","2026-09-29T16:01:07Z"
"MDLN","Healthcare","Medical Instruments & Supplies","","Sector: Healthcare | Industry: Medical Instruments & Supplies","yahoo","2026-09-29T16:01:07Z"
"MELI","Consumer Cyclical","Internet Retail","ecr.Ecommerce_Retail","Sector: Consumer Cyclical | Industry: Internet Retail","yahoo","2026-09-29T15:59:06Z"
"MFC","Financial Services","Insurance - Life","fn.Insurance","Sector: Financial Services | Industry: Insurance - Life","yahoo","2026-09-29T15:59:06Z"
"MFG","Financial Services","Banks - Regional","fn.Banking","Sector: Financial Services | Industry: Banks - Regional","yahoo","2026-09-29T15:59:06Z"
"MPLX","Energy","Oil & Gas Midstream","en.Energy_OilGas","Sector: Energy | Industry: Oil & Gas Midstream","yahoo","2026-09-29T15:59:06Z"
"MSTR","Technology","Software - Application","saas.SaaS_Cloud","Sector: Technology | Industry: Software - Application","yahoo","2026-09-29T15:59:06Z"
"MT","Basic Materials","Steel","mat.Metals_Mining","Sector: Basic Materials | Industry: Steel","yahoo","2026-09-29T15:59:06Z"
"MUFG","Financial Services","Banks - Diversified","fn.Banking","Sector: Financial Services | Industry: Banks - Diversified","yahoo","2026-09-29T15:59:06Z"
"NBIS","Communication Services","Internet Content & Information","tech.Internet_Platform","Sector: Communication Services | Industry: Internet Content & Information","yahoo","2026-09-29T15:59:06Z"
"NET","Technology","Software - Infrastructure","saas.SaaS_Cloud","Sector: Technology | Industry: Software - Infrastructure","manual-seed","2026-09-29T16:05:00Z"
"NGG","Utilities","Utilities - Regulated Electric","en.Utilities","Sector: Utilities | Industry: Utilities - Regulated Electric","yahoo","2026-09-29T15:59:06Z"
"NMR","Financial Services","Capital Markets","fn.Investment_Banking","Sector: Financial Services | Industry: Capital Markets","yahoo","2026-09-29T16:01:07Z"
"NOK","Technology","Communication Equipment",NA,"Sector: Technology | Industry: Communication Equipment","yahoo","2026-09-29T15:59:06Z"
"NTES","Communication Services","Electronic Gaming & Multimedia","media.Gaming","Sector: Communication Services | Industry: Electronic Gaming & Multimedia","yahoo","2026-09-29T15:59:06Z"
"NTR","Basic Materials","Agricultural Inputs","ag.Agriculture","Sector: Basic Materials | Industry: Agricultural Inputs","yahoo","2026-09-29T16:01:07Z"
"NTRA","Healthcare","Diagnostics & Research",NA,"Sector: Healthcare | Industry: Diagnostics & Research","yahoo","2026-09-29T15:59:06Z"
"NU","Financial Services","Banks - Regional","fn.Banking","Sector: Financial Services | Industry: Banks - Regional","yahoo","2026-09-29T15:59:06Z"
"NVO","Healthcare","Drug Manufacturers - General","hc.Pharma","Sector: Healthcare | Industry: Drug Manufacturers - General","yahoo","2026-09-29T15:59:06Z"
"NVS","Healthcare","Drug Manufacturers - General","hc.Pharma","Sector: Healthcare | Industry: Drug Manufacturers - General","yahoo","2026-09-29T15:59:06Z"
"NVT","Industrials","Electrical Equipment & Parts","ind.Machinery","Sector: Industrials | Industry: Electrical Equipment & Parts","yahoo","2026-09-29T16:01:07Z"
"NWG","Financial Services","Banks - Regional","fn.Banking","Sector: Financial Services | Industry: Banks - Regional","yahoo","2026-09-29T15:59:06Z"
"OKTA","Technology","Software - Infrastructure","","Sector: Technology | Industry: Software - Infrastructure","yahoo","2026-09-29T16:01:07Z"
"ONC","Healthcare","Biotechnology","hc.Biotech","Sector: Healthcare | Industry: Biotechnology","yahoo","2026-09-29T16:01:07Z"
"P","Technology","Computer Hardware","tech.Hardware","Sector: Technology | Industry: Computer Hardware","yahoo","2026-09-29T16:01:07Z"
"PATH","Technology","Software - Infrastructure","saas.SaaS_Cloud","Sector: Technology | Industry: Software - Infrastructure","manual-seed","2026-09-29T16:05:00Z"
"PBA","Energy","Oil & Gas Midstream","en.Energy_OilGas","Sector: Energy | Industry: Oil & Gas Midstream","yahoo","2026-09-29T16:01:07Z"
"PBR","Energy","Oil & Gas Integrated","en.Energy_OilGas","Sector: Energy | Industry: Oil & Gas Integrated","yahoo","2026-09-29T15:59:06Z"
"PBR-A","Energy","Oil & Gas Integrated","en.Energy_OilGas","Sector: Energy | Industry: Oil & Gas Integrated","yahoo","2026-09-29T15:59:06Z"
"PDD","Consumer Cyclical","Internet Retail","ecr.Ecommerce_Retail","Sector: Consumer Cyclical | Industry: Internet Retail","yahoo","2026-09-29T15:59:06Z"
"PHG","Healthcare","Medical Devices","hc.Medtech","Sector: Healthcare | Industry: Medical Devices","yahoo","2026-09-29T16:01:07Z"
"PUK","Financial Services","Insurance - Life","fn.Insurance","Sector: Financial Services | Industry: Insurance - Life","yahoo","2026-09-29T16:01:07Z"
"QSR","Consumer Cyclical","Restaurants","cons.Restaurants","Sector: Consumer Cyclical | Industry: Restaurants","yahoo","2026-09-29T16:01:07Z"
"RACE","Consumer Cyclical","Auto Manufacturers","auto.Vehicle_Manufacturing","Sector: Consumer Cyclical | Industry: Auto Manufacturers","yahoo","2026-09-29T15:59:06Z"
"RBLX","Communication Services","Electronic Gaming & Multimedia","media.Gaming","Sector: Communication Services | Industry: Electronic Gaming & Multimedia","yahoo","2026-09-29T16:01:07Z"
"RDDT","Communication Services","Internet Content & Information","tech.Internet_Platform","Sector: Communication Services | Industry: Internet Content & Information","yahoo","2026-09-29T16:01:07Z"
"RELX","Industrials","Specialty Business Services","ind.Machinery","Sector: Industrials | Industry: Specialty Business Services","yahoo","2026-09-29T15:59:06Z"
"RIO","Basic Materials","Other Industrial Metals & Mining","mat.Metals_Mining","Sector: Basic Materials | Industry: Other Industrial Metals & Mining","yahoo","2026-09-29T15:59:06Z"
"RIVN","Consumer Cyclical","Auto Manufacturers","auto.Vehicle_Manufacturing","Sector: Consumer Cyclical | Industry: Auto Manufacturers","manual-seed","2026-09-29T16:05:00Z"
"RKLB","Industrials","Aerospace & Defense","ind.Aerospace_Defense","Sector: Industrials | Industry: Aerospace & Defense","yahoo","2026-09-29T16:01:07Z"
"RKT","Financial Services","Mortgage Finance","","Sector: Financial Services | Industry: Mortgage Finance","yahoo","2026-09-29T16:01:07Z"
"ROIV","Healthcare","Biotechnology","hc.Biotech","Sector: Healthcare | Industry: Biotechnology","yahoo","2026-09-29T16:01:07Z"
"RPRX","Healthcare","Biotechnology","hc.Biotech","Sector: Healthcare | Industry: Biotechnology","yahoo","2026-09-29T16:01:07Z"
"RVMD","Healthcare","Biotechnology","hc.Biotech","Sector: Healthcare | Industry: Biotechnology","yahoo","2026-09-29T16:01:07Z"
"RY","Financial Services","Banks - Diversified","fn.Banking","Sector: Financial Services | Industry: Banks - Diversified","yahoo","2026-09-29T15:59:06Z"
"RYAAY","Industrials","Airlines","tr.Airlines","Sector: Industrials | Industry: Airlines","yahoo","2026-09-29T16:01:07Z"
"SAN","Financial Services","Banks - Diversified","fn.Banking","Sector: Financial Services | Industry: Banks - Diversified","yahoo","2026-09-29T15:59:06Z"
"SAP","Technology","Software - Application","saas.SaaS_Cloud","Sector: Technology | Industry: Software - Application","yahoo","2026-09-29T15:59:06Z"
"SCCO","Basic Materials","Copper","mat.Metals_Mining","Sector: Basic Materials | Industry: Copper","yahoo","2026-09-29T15:59:06Z"
"SE","Consumer Cyclical","Internet Retail","ecr.Ecommerce_Retail","Sector: Consumer Cyclical | Industry: Internet Retail","yahoo","2026-09-29T15:59:06Z"
"SHEL","Energy","Oil & Gas Integrated","en.Energy_OilGas","Sector: Energy | Industry: Oil & Gas Integrated","yahoo","2026-09-29T15:59:06Z"
"SHG","Financial Services","Banks - Regional","fn.Banking","Sector: Financial Services | Industry: Banks - Regional","yahoo","2026-09-29T16:01:07Z"
"SHOP","Technology","Software - Application","saas.SaaS_Cloud","Sector: Technology | Industry: Software - Application","yahoo","2026-09-29T15:59:06Z"
"SKHY","Technology","Semiconductors","sc.IC_Design","Sector: Technology | Industry: Semiconductors","yahoo","2026-09-29T15:59:06Z"
"SLF","Financial Services","Insurance - Diversified","fn.Insurance","Sector: Financial Services | Industry: Insurance - Diversified","yahoo","2026-09-29T15:59:06Z"
"SMFG","Financial Services","Banks - Diversified","fn.Banking","Sector: Financial Services | Industry: Banks - Diversified","yahoo","2026-09-29T15:59:06Z"
"SNOW","Technology","Software - Application","saas.SaaS_Cloud","Sector: Technology | Industry: Software - Application","yahoo","2026-09-29T15:59:06Z"
"SNY","Healthcare","Drug Manufacturers - General","hc.Pharma","Sector: Healthcare | Industry: Drug Manufacturers - General","yahoo","2026-09-29T15:59:06Z"
"SOFI","Financial Services","Credit Services","fn.Fintech","Sector: Financial Services | Industry: Credit Services","manual-seed","2026-09-29T16:05:00Z"
"SONY","Technology","Consumer Electronics","tech.Hardware","Sector: Technology | Industry: Consumer Electronics","yahoo","2026-09-29T15:59:06Z"
"SPCX","Industrials","Aerospace & Defense","ind.Aerospace_Defense","Sector: Industrials | Industry: Aerospace & Defense","yahoo","2026-09-29T15:59:06Z"
"SPOT","Communication Services","Internet Content & Information","tech.Internet_Platform","Sector: Communication Services | Industry: Internet Content & Information","yahoo","2026-09-29T15:59:06Z"
"STM","Technology","Semiconductors","sc.IC_Design","Sector: Technology | Industry: Semiconductors","yahoo","2026-09-29T16:01:07Z"
"SU","Energy","Oil & Gas Integrated","en.Energy_OilGas","Sector: Energy | Industry: Oil & Gas Integrated","yahoo","2026-09-29T15:59:06Z"
"SUNB","Industrials","Rental & Leasing Services","ind.Machinery","Sector: Industrials | Industry: Rental & Leasing Services","yahoo","2026-09-29T16:01:07Z"
"SYM","Industrials","Specialty Industrial Machinery","ind.Machinery","Sector: Industrials | Industry: Specialty Industrial Machinery","yahoo","2026-09-29T16:01:07Z"
"TAK","Healthcare","Drug Manufacturers - Specialty & Generic","hc.Pharma","Sector: Healthcare | Industry: Drug Manufacturers - Specialty & Generic","yahoo","2026-09-29T15:59:06Z"
"TCOM","Consumer Cyclical","Travel Services","hosp.Hotels_Travel","Sector: Consumer Cyclical | Industry: Travel Services","yahoo","2026-09-29T16:01:07Z"
"TD","Financial Services","Banks - Diversified","fn.Banking","Sector: Financial Services | Industry: Banks - Diversified","yahoo","2026-09-29T15:59:06Z"
"TEAM","Technology","Software - Application","saas.SaaS_Cloud","Sector: Technology | Industry: Software - Application","yahoo","2026-09-29T15:59:06Z"
"TECK","Basic Materials","Copper","mat.Metals_Mining","Sector: Basic Materials | Industry: Copper","yahoo","2026-09-29T16:01:07Z"
"TEVA","Healthcare","Drug Manufacturers - Specialty & Generic","hc.Pharma","Sector: Healthcare | Industry: Drug Manufacturers - Specialty & Generic","yahoo","2026-09-29T15:59:06Z"
"TM","Consumer Cyclical","Auto Manufacturers","auto.Vehicle_Manufacturing","Sector: Consumer Cyclical | Industry: Auto Manufacturers","yahoo","2026-09-29T15:59:06Z"
"TOST","Technology","Software - Application","saas.SaaS_Cloud","Sector: Technology | Industry: Software - Application","manual-seed","2026-09-29T16:05:00Z"
"TRI","Industrials","Specialty Business Services","ind.Machinery","Sector: Industrials | Industry: Specialty Business Services","yahoo","2026-09-29T16:01:07Z"
"TRP","Energy","Oil & Gas Midstream","en.Energy_OilGas","Sector: Energy | Industry: Oil & Gas Midstream","yahoo","2026-09-29T15:59:06Z"
"TS","Energy","Oil & Gas Equipment & Services","en.Energy_OilGas","Sector: Energy | Industry: Oil & Gas Equipment & Services","yahoo","2026-09-29T16:01:07Z"
"TSEM","Technology","Semiconductors","sc.IC_Design","Sector: Technology | Industry: Semiconductors","yahoo","2026-09-29T16:01:07Z"
"TSM","Technology","Semiconductors","sc.IC_Design","Sector: Technology | Industry: Semiconductors","yahoo","2026-09-29T15:59:06Z"
"TTE","Energy","Oil & Gas Integrated","en.Energy_OilGas","Sector: Energy | Industry: Oil & Gas Integrated","yahoo","2026-09-29T15:59:06Z"
"TWLO","Technology","Software - Infrastructure","","Sector: Technology | Industry: Software - Infrastructure","yahoo","2026-09-29T16:01:07Z"
"U","Communication Services","Electronic Gaming & Multimedia","media.Gaming","Sector: Communication Services | Industry: Electronic Gaming & Multimedia","manual-seed","2026-09-29T16:05:00Z"
"UBS","Financial Services","Banks - Diversified","fn.Banking","Sector: Financial Services | Industry: Banks - Diversified","yahoo","2026-09-29T15:59:06Z"
"UI","Technology","Communication Equipment","","Sector: Technology | Industry: Communication Equipment","yahoo","2026-09-29T16:01:07Z"
"UL","Consumer Defensive","Household & Personal Products","fmcg.Household_Personal","Sector: Consumer Defensive | Industry: Household & Personal Products","yahoo","2026-09-29T15:59:06Z"
"UMC","Technology","Semiconductors","sc.IC_Design","Sector: Technology | Industry: Semiconductors","yahoo","2026-09-29T15:59:06Z"
"VALE","Basic Materials","Other Industrial Metals & Mining","mat.Metals_Mining","Sector: Basic Materials | Industry: Other Industrial Metals & Mining","yahoo","2026-09-29T15:59:06Z"
"VG","Energy","Oil & Gas Midstream","en.Energy_OilGas","Sector: Energy | Industry: Oil & Gas Midstream","yahoo","2026-09-29T16:01:07Z"
"VIK","Consumer Cyclical","Travel Services","hosp.Hotels_Travel","Sector: Consumer Cyclical | Industry: Travel Services","yahoo","2026-09-29T16:01:07Z"
"VMRK","Real Estate","REIT - Residential","re.REIT","Sector: Real Estate | Industry: REIT - Residential","yahoo","2026-09-29T15:59:06Z"
"VOD","Communication Services","Telecom Services","tel.Telecom","Sector: Communication Services | Industry: Telecom Services","yahoo","2026-09-29T16:01:07Z"
"WCN","Industrials","Waste Management","en.Environmental","Sector: Industrials | Industry: Waste Management","yahoo","2026-09-29T16:01:07Z"
"WFC-PC","Financial Services","Banks - Diversified","fn.Banking","Sector: Financial Services | Industry: Banks - Diversified","yahoo","2026-09-29T15:59:06Z"
"WPM","Basic Materials","Gold","mat.Metals_Mining","Sector: Basic Materials | Industry: Gold","yahoo","2026-09-29T15:59:06Z"
"ZM","Technology","Software - Application","saas.SaaS_Cloud","Sector: Technology | Industry: Software - Application","yahoo","2026-09-29T16:01:07Z"
"ZS","Technology","Software - Infrastructure","","Sector: Technology | Industry: Software - Infrastructure","yahoo","2026-09-29T16:01:07Z"
