date,market_cap_usd,gdp_usd,source
1995-12-31,195300000000,279000000000,seed-approx
1996-12-31,248200000000,292000000000,seed-approx
1997-12-31,287850000000,303000000000,seed-approx
1998-12-31,252000000000,280000000000,seed-approx
1999-12-31,334400000000,304000000000,seed-approx
2000-12-31,397200000000,331000000000,seed-approx
2001-12-31,285000000000,300000000000,seed-approx
2002-12-31,261800000000,308000000000,seed-approx
2003-12-31,318000000000,318000000000,seed-approx
2004-12-31,382800000000,348000000000,seed-approx
2005-12-31,451200000000,376000000000,seed-approx
2006-12-31,543200000000,388000000000,seed-approx
2007-12-31,652800000000,408000000000,seed-approx
2008-12-31,375300000000,417000000000,seed-approx
2009-12-31,470400000000,392000000000,seed-approx
2010-12-31,624400000000,446000000000,seed-approx
2011-12-31,631800000000,486000000000,seed-approx
2012-12-31,669600000000,496000000000,seed-approx
2013-12-31,743850000000,513000000000,seed-approx
2014-12-31,795000000000,530000000000,seed-approx
2015-12-31,747600000000,534000000000,seed-approx
2016-12-31,841650000000,543000000000,seed-approx
2017-12-31,1004700000000,591000000000,seed-approx
2018-12-31,943950000000,609000000000,seed-approx
2019-12-31,1071000000000,612000000000,seed-approx
2020-12-31,1336000000000,668000000000,seed-approx
2021-12-31,1782500000000,775000000000,seed-approx
2022-12-31,1369800000000,761000000000,seed-approx
2023-12-31,1510000000000,755000000000,seed-approx
2024-12-31,1738000000000,790000000000,seed-approx
