"month","ticker","market_cap","f_score","weight","scanned","hit_scan_cap","built_at"
"2026-10","PG",334602141696,8,0.1,257,FALSE,"2026-10-02T04:48:00Z"
"2026-10","UNP",161838055424,8,0.1,257,FALSE,"2026-10-02T04:48:00Z"
"2026-10","VLO",117606842368,8,0.1,257,FALSE,"2026-10-02T04:48:00Z"
"2026-10","SPGI",114429566976,8,0.1,257,FALSE,"2026-10-02T04:48:00Z"
"2026-10","HLT",70994477056,8,0.1,257,FALSE,"2026-10-02T04:48:00Z"
"2026-10","KMI",67923935232,8,0.1,257,FALSE,"2026-10-02T04:48:00Z"
"2026-10","GWW",60512112640,8,0.1,257,FALSE,"2026-10-02T04:48:00Z"
"2026-10","FAST",57633067008,8,0.1,257,FALSE,"2026-10-02T04:48:00Z"
"2026-10","AME",57092177920,9,0.1,257,FALSE,"2026-10-02T04:48:00Z"
"2026-10","AMP",43742089216,8,0.1,257,FALSE,"2026-10-02T04:48:00Z"
